Accident ID,Date,Location,Weather,Road Condition,Light Condition,Time of Day,Traffic Density,Speed Limit (km/h),Vehicles Involved,Road Type,Severity,Risk Score,Risk Level
ACC-2024-1071,2024-12-29,Bengaluru (Silk Board Junction),Clear,Dry,Darkness – Lights On,Night,High,45,3,Urban Road,Moderate,60,MEDIUM
ACC-2024-1084,2024-12-26,Bengaluru (Silk Board Junction),Clear,Dry,Darkness – Lights On,Night,Medium,100,4,Highway,Severe,80,HIGH
ACC-2024-1168,2024-12-26,Pune (Mumbai-Pune Expressway Bypass),Clear,Dry,Darkness – Lights On,Night,Medium,100,4,Highway,Severe,80,HIGH
ACC-2024-1070,2024-12-24,Chennai (Guindy Kathipara Flyover),Rain,Wet,Darkness – Lights On,Night,High,55,3,Intersection,Severe,98,HIGH
ACC-2024-1120,2024-12-22,Amaravati (Seed Access Road),Other,Dry,Darkness – Lights On,Night,Medium,100,4,Highway,Severe,88,HIGH
ACC-2024-1069,2024-12-18,Visakhapatnam (RTC Complex Junction),Clear,Dry,Daylight,Morning,High,50,2,Urban Road,Minor,42,MEDIUM
ACC-2024-1072,2024-12-18,Hyderabad (Outer Ring Road - Gachibowli),Clear,Dry,Darkness – Lights On,Night,Medium,100,4,Highway,Severe,80,HIGH
ACC-2024-1156,2024-12-18,Mumbai (Western Express Highway),Clear,Dry,Darkness – Lights On,Night,Medium,100,4,Highway,Severe,80,HIGH
ACC-2024-1108,2024-12-14,Pune (Mumbai-Pune Expressway Bypass),Clear,Dry,Darkness – Lights On,Night,Medium,100,4,Highway,Severe,80,HIGH
ACC-2024-1068,2024-12-12,Pune (Mumbai-Pune Expressway Bypass),Fog,Dry,Darkness – Lights Off,Night,Medium,110,3,Expressway,Fatal,98,HIGH
ACC-2024-1144,2024-12-10,Bengaluru (Silk Board Junction),Clear,Dry,Darkness – Lights On,Night,Medium,100,4,Highway,Severe,80,HIGH
ACC-2024-1067,2024-12-07,Hyderabad (Outer Ring Road - Gachibowli),Clear,Dry,Daylight,Afternoon,Medium,70,2,Urban Road,Minor,36,MEDIUM
ACC-2024-1096,2024-12-06,Mumbai (Western Express Highway),Clear,Dry,Darkness – Lights On,Night,Medium,100,4,Highway,Severe,80,HIGH
ACC-2024-1180,2024-12-06,Amaravati (Seed Access Road),Clear,Dry,Darkness – Lights On,Night,Medium,100,4,Highway,Severe,80,HIGH
ACC-2024-1066,2024-12-02,Delhi (Ring Road - AIIMS Junction),Fog,Wet,Darkness – Lights On,Night,High,70,4,Highway,Severe,98,HIGH
ACC-2024-1132,2024-12-02,Hyderabad (Outer Ring Road - Gachibowli),Clear,Dry,Darkness – Lights On,Night,Medium,100,4,Highway,Severe,80,HIGH
ACC-2024-1131,2024-11-27,Vijayawada Central (Benz Circle),Clear,Dry,Daylight,Afternoon,Low,110,3,Expressway,Moderate,48,MEDIUM
ACC-2024-1065,2024-11-26,Vijayawada Central (Benz Circle),Fog,Dry,Darkness – Lights On,Morning,High,40,3,Intersection,Moderate,80,HIGH
ACC-2024-1083,2024-11-23,Visakhapatnam (RTC Complex Junction),Clear,Dry,Daylight,Afternoon,Low,110,3,Expressway,Moderate,48,MEDIUM
ACC-2024-1167,2024-11-23,Delhi (Ring Road - AIIMS Junction),Clear,Dry,Daylight,Afternoon,Low,110,3,Expressway,Moderate,48,MEDIUM
ACC-2024-1064,2024-11-20,Amaravati (Seed Access Road),Clear,Dry,Daylight,Afternoon,Low,80,1,Expressway,Minor,37,MEDIUM
ACC-2024-1119,2024-11-19,Guntur (Nallapadu Highway Corridor),Clear,Dry,Daylight,Afternoon,Low,110,3,Expressway,Moderate,48,MEDIUM
ACC-2024-1063,2024-11-15,Guntur (Nallapadu Highway Corridor),Fog,Wet,Darkness – Lights Off,Night,Low,85,2,Rural Road,Fatal,98,HIGH
ACC-2024-1155,2024-11-15,Chennai (Guindy Kathipara Flyover),Other,Dry,Daylight,Afternoon,Low,110,3,Expressway,Moderate,56,MEDIUM
ACC-2024-1107,2024-11-11,Delhi (Ring Road - AIIMS Junction),Clear,Dry,Daylight,Afternoon,Low,110,3,Expressway,Moderate,48,MEDIUM
ACC-2024-1062,2024-11-10,Mumbai (Western Express Highway),Clear,Dry,Daylight,Morning,High,50,2,Urban Road,Minor,42,MEDIUM
ACC-2024-1143,2024-11-07,Visakhapatnam (RTC Complex Junction),Clear,Dry,Daylight,Afternoon,Low,110,3,Expressway,Moderate,48,MEDIUM
ACC-2024-1061,2024-11-05,Bengaluru (Silk Board Junction),Rain,Wet,Darkness – Lights On,Evening,High,40,3,Urban Road,Moderate,86,HIGH
ACC-2024-1095,2024-11-03,Chennai (Guindy Kathipara Flyover),Clear,Dry,Daylight,Afternoon,Low,110,3,Expressway,Moderate,48,MEDIUM
ACC-2024-1179,2024-11-03,Guntur (Nallapadu Highway Corridor),Clear,Dry,Daylight,Afternoon,Low,110,3,Expressway,Moderate,48,MEDIUM
ACC-2024-1060,2024-10-31,Hyderabad (Outer Ring Road - Gachibowli),Clear,Dry,Darkness – Lights On,Night,High,100,4,Highway,Severe,86,HIGH
ACC-2024-1094,2024-10-28,Bengaluru (Silk Board Junction),Clear,Dry,Darkness – Lights On,Night,High,40,2,Intersection,Moderate,68,MEDIUM
ACC-2024-1178,2024-10-28,Pune (Mumbai-Pune Expressway Bypass),Clear,Dry,Darkness – Lights On,Night,High,40,2,Intersection,Moderate,68,MEDIUM
ACC-2024-1059,2024-10-26,Vijayawada Central (Benz Circle),Clear,Dry,Daylight,Afternoon,High,45,2,Intersection,Minor,46,MEDIUM
ACC-2024-1130,2024-10-24,Amaravati (Seed Access Road),Clear,Dry,Darkness – Lights On,Night,High,40,2,Intersection,Moderate,68,MEDIUM
ACC-2024-1058,2024-10-21,Delhi (Ring Road - AIIMS Junction),Fog,Dry,Darkness – Lights Off,Night,Medium,80,3,Highway,Fatal,98,HIGH
ACC-2024-1082,2024-10-20,Hyderabad (Outer Ring Road - Gachibowli),Clear,Dry,Darkness – Lights On,Night,High,40,2,Intersection,Moderate,68,MEDIUM
ACC-2024-1166,2024-10-20,Mumbai (Western Express Highway),Clear,Dry,Darkness – Lights On,Night,High,40,2,Intersection,Moderate,68,MEDIUM
ACC-2024-1118,2024-10-16,Pune (Mumbai-Pune Expressway Bypass),Clear,Dry,Darkness – Lights On,Night,High,40,2,Intersection,Moderate,68,MEDIUM
ACC-2024-1057,2024-10-15,Visakhapatnam (RTC Complex Junction),Clear,Dry,Darkness – Lights On,Night,Medium,60,2,Urban Road,Minor,58,MEDIUM
ACC-2024-1154,2024-10-12,Bengaluru (Silk Board Junction),Clear,Dry,Darkness – Lights On,Night,High,40,2,Intersection,Moderate,68,MEDIUM
ACC-2024-1056,2024-10-10,Pune (Mumbai-Pune Expressway Bypass),Fog,Dry,Darkness – Lights On,Morning,Medium,90,3,Expressway,Severe,83,HIGH
ACC-2024-1106,2024-10-08,Mumbai (Western Express Highway),Other,Dry,Darkness – Lights On,Night,High,40,2,Intersection,Fatal,76,HIGH
ACC-2024-1055,2024-10-04,Chennai (Guindy Kathipara Flyover),Clear,Dry,Daylight,Evening,High,45,3,Intersection,Minor,54,MEDIUM
ACC-2024-1142,2024-10-04,Hyderabad (Outer Ring Road - Gachibowli),Clear,Dry,Darkness – Lights On,Night,High,40,2,Intersection,Moderate,68,MEDIUM
ACC-2024-1054,2024-09-30,Vijayawada Central (Benz Circle),Clear,Dry,Daylight,Morning,High,40,2,Urban Road,Minor,42,MEDIUM
ACC-2024-1053,2024-09-25,Guntur (Nallapadu Highway Corridor),Clear,Dry,Darkness – Lights On,Night,Low,75,2,Rural Road,Moderate,52,MEDIUM
ACC-2024-1093,2024-09-25,Visakhapatnam (RTC Complex Junction),Rain,Flood,Daylight,Afternoon,Medium,60,1,Residential Road,Moderate,70,HIGH
ACC-2024-1177,2024-09-25,Delhi (Ring Road - AIIMS Junction),Rain,Flood,Daylight,Afternoon,Medium,60,1,Residential Road,Moderate,70,HIGH
ACC-2024-1129,2024-09-21,Guntur (Nallapadu Highway Corridor),Rain,Flood,Daylight,Afternoon,Medium,60,1,Residential Road,Moderate,70,HIGH
ACC-2024-1052,2024-09-19,Hyderabad (Outer Ring Road - Gachibowli),Clear,Dry,Daylight,Afternoon,Low,90,1,Expressway,Minor,37,MEDIUM
ACC-2024-1081,2024-09-17,Vijayawada Central (Benz Circle),Rain,Flood,Daylight,Afternoon,Medium,60,1,Residential Road,Moderate,70,HIGH
ACC-2024-1165,2024-09-17,Chennai (Guindy Kathipara Flyover),Rain,Flood,Daylight,Afternoon,Medium,60,1,Residential Road,Moderate,70,HIGH
ACC-2024-1051,2024-09-14,Mumbai (Western Express Highway),Rain,Wet,Darkness – Lights On,Evening,High,60,2,Highway,Severe,96,HIGH
ACC-2024-1117,2024-09-13,Delhi (Ring Road - AIIMS Junction),Rain,Flood,Daylight,Afternoon,Medium,60,1,Residential Road,Moderate,70,HIGH
ACC-2024-1153,2024-09-09,Visakhapatnam (RTC Complex Junction),Rain,Flood,Daylight,Afternoon,Medium,60,1,Residential Road,Moderate,70,HIGH
ACC-2024-1050,2024-09-08,Bengaluru (Silk Board Junction),Rain,Wet,Darkness – Lights On,Night,High,40,3,Intersection,Moderate,98,HIGH
ACC-2024-1105,2024-09-05,Chennai (Guindy Kathipara Flyover),Rain,Flood,Daylight,Afternoon,Medium,60,1,Residential Road,Moderate,70,HIGH
ACC-2024-1049,2024-09-03,Delhi (Ring Road - AIIMS Junction),Rain,Wet,Daylight,Morning,High,50,3,Urban Road,Moderate,72,HIGH
ACC-2024-1141,2024-09-01,Vijayawada Central (Benz Circle),Rain,Flood,Daylight,Afternoon,Medium,60,1,Residential Road,Moderate,70,HIGH
ACC-2024-1048,2024-08-28,Visakhapatnam (RTC Complex Junction),Clear,Dry,Daylight,Evening,High,40,2,Urban Road,Minor,46,MEDIUM
ACC-2024-1140,2024-08-26,Amaravati (Seed Access Road),Rain,Wet,Darkness – Lights On,Night,Low,90,4,Rural Road,Severe,93,HIGH
ACC-2024-1047,2024-08-22,Vijayawada Central (Benz Circle),Rain,Wet,Darkness – Lights On,Night,High,50,2,Intersection,Moderate,98,HIGH
ACC-2024-1092,2024-08-22,Hyderabad (Outer Ring Road - Gachibowli),Rain,Wet,Darkness – Lights On,Night,Low,90,4,Rural Road,Severe,93,HIGH
ACC-2024-1176,2024-08-22,Mumbai (Western Express Highway),Rain,Wet,Darkness – Lights On,Night,Low,90,4,Rural Road,Severe,93,HIGH
ACC-2024-1128,2024-08-18,Pune (Mumbai-Pune Expressway Bypass),Rain,Wet,Darkness – Lights On,Night,Low,90,4,Rural Road,Severe,93,HIGH
ACC-2024-1046,2024-08-16,Amaravati (Seed Access Road),Rain,Wet,Daylight,Morning,Low,70,1,Highway,Minor,64,MEDIUM
ACC-2024-1080,2024-08-14,Amaravati (Seed Access Road),Rain,Wet,Darkness – Lights On,Night,Low,90,4,Rural Road,Severe,93,HIGH
ACC-2024-1164,2024-08-14,Bengaluru (Silk Board Junction),Rain,Wet,Darkness – Lights On,Night,Low,90,4,Rural Road,Severe,93,HIGH
ACC-2024-1045,2024-08-11,Pune (Mumbai-Pune Expressway Bypass),Clear,Dry,Daylight,Afternoon,Medium,100,2,Expressway,Minor,54,MEDIUM
ACC-2024-1116,2024-08-10,Mumbai (Western Express Highway),Rain,Wet,Darkness – Lights On,Night,Low,90,4,Rural Road,Severe,93,HIGH
ACC-2024-1044,2024-08-06,Chennai (Guindy Kathipara Flyover),Rain,Flood,Darkness – Lights On,Evening,High,40,3,Intersection,Severe,98,HIGH
ACC-2024-1152,2024-08-06,Hyderabad (Outer Ring Road - Gachibowli),Rain,Wet,Darkness – Lights On,Night,Low,90,4,Rural Road,Severe,93,HIGH
ACC-2024-1104,2024-08-02,Bengaluru (Silk Board Junction),Rain,Wet,Darkness – Lights On,Night,Low,90,4,Rural Road,Severe,93,HIGH
ACC-2024-1043,2024-08-01,Hyderabad (Outer Ring Road - Gachibowli),Rain,Wet,Daylight,Morning,High,70,3,Highway,Moderate,82,HIGH
ACC-2024-1103,2024-07-27,Visakhapatnam (RTC Complex Junction),Clear,Dry,Daylight,Afternoon,High,40,3,Urban Road,Minor,38,MEDIUM
ACC-2024-1042,2024-07-26,Guntur (Nallapadu Highway Corridor),Rain,Wet,Darkness – Lights Off,Night,Low,80,2,Rural Road,Fatal,97,HIGH
ACC-2024-1139,2024-07-23,Guntur (Nallapadu Highway Corridor),Clear,Dry,Daylight,Afternoon,High,40,3,Urban Road,Minor,38,MEDIUM
ACC-2024-1041,2024-07-21,Mumbai (Western Express Highway),Rain,Wet,Darkness – Lights On,Night,High,80,5,Highway,Fatal,98,HIGH
ACC-2024-1091,2024-07-19,Vijayawada Central (Benz Circle),Clear,Dry,Daylight,Afternoon,High,40,3,Urban Road,Minor,38,MEDIUM
ACC-2024-1175,2024-07-19,Chennai (Guindy Kathipara Flyover),Clear,Dry,Daylight,Afternoon,High,40,3,Urban Road,Minor,38,MEDIUM
ACC-2024-1040,2024-07-16,Bengaluru (Silk Board Junction),Rain,Wet,Daylight,Evening,High,30,2,Urban Road,Minor,76,HIGH
ACC-2024-1127,2024-07-15,Delhi (Ring Road - AIIMS Junction),Other,Dry,Daylight,Afternoon,High,40,3,Urban Road,Moderate,46,MEDIUM
ACC-2024-1039,2024-07-11,Vijayawada Central (Benz Circle),Rain,Flood,Darkness – Lights On,Night,High,45,3,Intersection,Severe,98,HIGH
ACC-2024-1079,2024-07-11,Guntur (Nallapadu Highway Corridor),Clear,Dry,Daylight,Afternoon,High,40,3,Urban Road,Minor,38,MEDIUM
ACC-2024-1163,2024-07-11,Visakhapatnam (RTC Complex Junction),Clear,Dry,Daylight,Afternoon,High,40,3,Urban Road,Minor,38,MEDIUM
ACC-2024-1115,2024-07-07,Chennai (Guindy Kathipara Flyover),Clear,Dry,Daylight,Afternoon,High,40,3,Urban Road,Minor,38,MEDIUM
ACC-2024-1038,2024-07-06,Delhi (Ring Road - AIIMS Junction),Rain,Wet,Darkness – Lights On,Night,Medium,70,2,Highway,Moderate,94,HIGH
ACC-2024-1151,2024-07-03,Vijayawada Central (Benz Circle),Clear,Dry,Daylight,Afternoon,High,40,3,Urban Road,Minor,38,MEDIUM
ACC-2024-1037,2024-07-02,Visakhapatnam (RTC Complex Junction),Rain,Wet,Daylight,Morning,High,50,2,Urban Road,Moderate,72,HIGH
ACC-2024-1150,2024-06-28,Amaravati (Seed Access Road),Rain,Wet,Darkness – Lights On,Night,Medium,100,2,Highway,Severe,98,HIGH
ACC-2024-1036,2024-06-27,Hyderabad (Outer Ring Road - Gachibowli),Rain,Wet,Darkness – Lights On,Evening,High,90,4,Highway,Severe,98,HIGH
ACC-2024-1102,2024-06-24,Hyderabad (Outer Ring Road - Gachibowli),Rain,Wet,Darkness – Lights On,Night,Medium,100,2,Highway,Severe,98,HIGH
ACC-2024-1035,2024-06-22,Pune (Mumbai-Pune Expressway Bypass),Rain,Wet,Darkness – Lights Off,Night,Medium,110,3,Expressway,Fatal,98,HIGH
ACC-2024-1138,2024-06-20,Pune (Mumbai-Pune Expressway Bypass),Rain,Wet,Darkness – Lights On,Night,Medium,100,2,Highway,Severe,98,HIGH
ACC-2024-1034,2024-06-17,Vijayawada Central (Benz Circle),Rain,Wet,Daylight,Afternoon,Medium,50,2,Urban Road,Minor,62,MEDIUM
ACC-2024-1090,2024-06-16,Amaravati (Seed Access Road),Rain,Wet,Darkness – Lights On,Night,Medium,100,2,Highway,Severe,98,HIGH
ACC-2024-1174,2024-06-16,Bengaluru (Silk Board Junction),Rain,Wet,Darkness – Lights On,Night,Medium,100,2,Highway,Severe,98,HIGH
ACC-2024-1033,2024-06-12,Chennai (Guindy Kathipara Flyover),Rain,Wet,Darkness – Lights On,Night,Medium,60,2,Urban Road,Severe,88,HIGH
ACC-2024-1126,2024-06-12,Mumbai (Western Express Highway),Rain,Wet,Darkness – Lights On,Night,Medium,100,2,Highway,Severe,98,HIGH
ACC-2024-1032,2024-06-08,Bengaluru (Silk Board Junction),Rain,Wet,Darkness – Lights On,Evening,High,40,4,Intersection,Moderate,98,HIGH
ACC-2024-1078,2024-06-08,Pune (Mumbai-Pune Expressway Bypass),Rain,Wet,Darkness – Lights On,Night,Medium,100,2,Highway,Severe,98,HIGH
ACC-2024-1162,2024-06-08,Hyderabad (Outer Ring Road - Gachibowli),Rain,Wet,Darkness – Lights On,Night,Medium,100,2,Highway,Severe,98,HIGH
ACC-2024-1114,2024-06-04,Bengaluru (Silk Board Junction),Rain,Wet,Darkness – Lights On,Night,Medium,100,2,Highway,Severe,98,HIGH
ACC-2024-1031,2024-06-03,Mumbai (Western Express Highway),Rain,Flood,Daylight,Morning,High,40,3,Urban Road,Severe,82,HIGH
ACC-2024-1030,2024-05-30,Guntur (Nallapadu Highway Corridor),Clear,Dry,Daylight,Afternoon,Low,50,1,Rural Road,Minor,20,LOW
ACC-2024-1029,2024-05-25,Hyderabad (Outer Ring Road - Gachibowli),Rain,Wet,Daylight,Evening,High,80,3,Highway,Severe,91,HIGH
ACC-2024-1149,2024-05-25,Guntur (Nallapadu Highway Corridor),Clear,Dry,Daylight,Afternoon,Low,110,1,Expressway,Minor,42,MEDIUM
ACC-2024-1101,2024-05-21,Vijayawada Central (Benz Circle),Clear,Dry,Daylight,Afternoon,Low,110,1,Expressway,Minor,42,MEDIUM
ACC-2024-1028,2024-05-20,Vijayawada Central (Benz Circle),Rain,Wet,Darkness – Lights On,Night,High,60,4,Intersection,Fatal,98,HIGH
ACC-2024-1137,2024-05-17,Delhi (Ring Road - AIIMS Junction),Clear,Dry,Daylight,Afternoon,Low,110,1,Expressway,Minor,42,MEDIUM
ACC-2024-1027,2024-05-15,Pune (Mumbai-Pune Expressway Bypass),Clear,Dry,Daylight,Morning,Medium,100,2,Expressway,Minor,58,MEDIUM
ACC-2024-1089,2024-05-13,Guntur (Nallapadu Highway Corridor),Clear,Dry,Daylight,Afternoon,Low,110,1,Expressway,Minor,42,MEDIUM
ACC-2024-1173,2024-05-13,Visakhapatnam (RTC Complex Junction),Clear,Dry,Daylight,Afternoon,Low,110,1,Expressway,Minor,42,MEDIUM
ACC-2024-1026,2024-05-10,Mumbai (Western Express Highway),Rain,Wet,Darkness – Lights On,Night,High,70,3,Highway,Severe,98,HIGH
ACC-2024-1125,2024-05-09,Chennai (Guindy Kathipara Flyover),Clear,Dry,Daylight,Afternoon,Low,110,1,Expressway,Minor,42,MEDIUM
ACC-2024-1077,2024-05-05,Delhi (Ring Road - AIIMS Junction),Clear,Dry,Daylight,Afternoon,Low,110,1,Expressway,Minor,42,MEDIUM
ACC-2024-1161,2024-05-05,Vijayawada Central (Benz Circle),Clear,Dry,Daylight,Afternoon,Low,110,1,Expressway,Minor,42,MEDIUM
ACC-2024-1025,2024-05-04,Visakhapatnam (RTC Complex Junction),Clear,Dry,Daylight,Afternoon,Low,60,1,Urban Road,Minor,24,LOW
ACC-2024-1113,2024-05-01,Visakhapatnam (RTC Complex Junction),Other,Dry,Daylight,Afternoon,Low,110,1,Expressway,Moderate,50,MEDIUM
ACC-2024-1024,2024-04-29,Amaravati (Seed Access Road),Clear,Dry,Daylight,Morning,Low,70,1,Highway,Minor,34,LOW
ACC-2024-1112,2024-04-26,Hyderabad (Outer Ring Road - Gachibowli),Clear,Dry,Darkness – Lights On,Night,High,40,4,Intersection,Moderate,74,HIGH
ACC-2024-1023,2024-04-24,Bengaluru (Silk Board Junction),Rain,Wet,Darkness – Lights On,Evening,High,40,3,Intersection,Severe,94,HIGH
ACC-2024-1148,2024-04-22,Pune (Mumbai-Pune Expressway Bypass),Other,Dry,Darkness – Lights On,Night,High,40,4,Intersection,Fatal,82,HIGH
ACC-2024-1022,2024-04-18,Delhi (Ring Road - AIIMS Junction),Clear,Dry,Daylight,Afternoon,Medium,60,2,Urban Road,Minor,36,MEDIUM
ACC-2024-1100,2024-04-18,Amaravati (Seed Access Road),Clear,Dry,Darkness – Lights On,Night,High,40,4,Intersection,Moderate,74,HIGH
ACC-2024-1136,2024-04-14,Mumbai (Western Express Highway),Clear,Dry,Darkness – Lights On,Night,High,40,4,Intersection,Moderate,74,HIGH
ACC-2024-1021,2024-04-12,Hyderabad (Outer Ring Road - Gachibowli),Clear,Dry,Darkness – Lights On,Night,Medium,90,2,Highway,Moderate,69,MEDIUM
ACC-2024-1088,2024-04-10,Pune (Mumbai-Pune Expressway Bypass),Clear,Dry,Darkness – Lights On,Night,High,40,4,Intersection,Moderate,74,HIGH
ACC-2024-1172,2024-04-10,Hyderabad (Outer Ring Road - Gachibowli),Clear,Dry,Darkness – Lights On,Night,High,40,4,Intersection,Moderate,74,HIGH
ACC-2024-1020,2024-04-07,Chennai (Guindy Kathipara Flyover),Clear,Dry,Daylight,Morning,High,50,2,Urban Road,Minor,42,MEDIUM
ACC-2024-1124,2024-04-06,Bengaluru (Silk Board Junction),Clear,Dry,Darkness – Lights On,Night,High,40,4,Intersection,Moderate,74,HIGH
ACC-2024-1019,2024-04-02,Vijayawada Central (Benz Circle),Clear,Dry,Daylight,Evening,High,45,3,Intersection,Moderate,54,MEDIUM
ACC-2024-1076,2024-04-02,Mumbai (Western Express Highway),Clear,Dry,Darkness – Lights On,Night,High,40,4,Intersection,Moderate,74,HIGH
ACC-2024-1160,2024-04-02,Amaravati (Seed Access Road),Clear,Dry,Darkness – Lights On,Night,High,40,4,Intersection,Moderate,74,HIGH
ACC-2024-1018,2024-03-28,Guntur (Nallapadu Highway Corridor),Clear,Dry,Darkness – Lights Off,Night,Low,70,1,Rural Road,Severe,56,MEDIUM
ACC-2024-1075,2024-03-27,Chennai (Guindy Kathipara Flyover),Clear,Dry,Daylight,Afternoon,Medium,60,3,Residential Road,Minor,36,MEDIUM
ACC-2024-1159,2024-03-27,Guntur (Nallapadu Highway Corridor),Clear,Dry,Daylight,Afternoon,Medium,60,3,Residential Road,Minor,36,MEDIUM
ACC-2024-1017,2024-03-23,Pune (Mumbai-Pune Expressway Bypass),Clear,Dry,Daylight,Afternoon,Medium,110,2,Expressway,Moderate,54,MEDIUM
ACC-2024-1111,2024-03-23,Vijayawada Central (Benz Circle),Clear,Dry,Daylight,Afternoon,Medium,60,3,Residential Road,Minor,36,MEDIUM
ACC-2024-1147,2024-03-19,Delhi (Ring Road - AIIMS Junction),Clear,Dry,Daylight,Afternoon,Medium,60,3,Residential Road,Minor,36,MEDIUM
ACC-2024-1016,2024-03-17,Mumbai (Western Express Highway),Clear,Dry,Daylight,Morning,High,50,4,Urban Road,Moderate,48,MEDIUM
ACC-2024-1099,2024-03-15,Guntur (Nallapadu Highway Corridor),Other,Dry,Daylight,Afternoon,Medium,60,3,Residential Road,Minor,44,MEDIUM
ACC-2024-1015,2024-03-12,Visakhapatnam (RTC Complex Junction),Rain,Wet,Darkness – Lights On,Night,Medium,60,2,Urban Road,Moderate,88,HIGH
ACC-2024-1135,2024-03-11,Chennai (Guindy Kathipara Flyover),Clear,Dry,Daylight,Afternoon,Medium,60,3,Residential Road,Minor,36,MEDIUM
ACC-2024-1014,2024-03-08,Delhi (Ring Road - AIIMS Junction),Clear,Dry,Daylight,Afternoon,High,50,3,Intersection,Moderate,46,MEDIUM
ACC-2024-1087,2024-03-07,Delhi (Ring Road - AIIMS Junction),Clear,Dry,Daylight,Afternoon,Medium,60,3,Residential Road,Minor,36,MEDIUM
ACC-2024-1171,2024-03-07,Vijayawada Central (Benz Circle),Clear,Dry,Daylight,Afternoon,Medium,60,3,Residential Road,Minor,36,MEDIUM
ACC-2024-1013,2024-03-03,Bengaluru (Silk Board Junction),Clear,Dry,Daylight,Evening,High,30,2,Urban Road,Minor,46,MEDIUM
ACC-2024-1123,2024-03-03,Visakhapatnam (RTC Complex Junction),Clear,Dry,Daylight,Afternoon,Medium,60,3,Residential Road,Minor,36,MEDIUM
ACC-2024-1122,2024-02-28,Hyderabad (Outer Ring Road - Gachibowli),Clear,Dry,Darkness – Lights On,Night,Low,70,2,Rural Road,Moderate,52,MEDIUM
ACC-2024-1012,2024-02-26,Hyderabad (Outer Ring Road - Gachibowli),Clear,Dry,Darkness – Lights On,Night,Medium,100,2,Expressway,Severe,76,HIGH
ACC-2024-1074,2024-02-24,Bengaluru (Silk Board Junction),Clear,Dry,Darkness – Lights On,Night,Low,70,2,Rural Road,Moderate,52,MEDIUM
ACC-2024-1158,2024-02-24,Pune (Mumbai-Pune Expressway Bypass),Clear,Dry,Darkness – Lights On,Night,Low,70,2,Rural Road,Moderate,52,MEDIUM
ACC-2024-1011,2024-02-21,Vijayawada Central (Benz Circle),Clear,Dry,Daylight,Morning,High,40,2,Urban Road,Minor,42,MEDIUM
ACC-2024-1110,2024-02-20,Amaravati (Seed Access Road),Clear,Dry,Darkness – Lights On,Night,Low,70,2,Rural Road,Moderate,52,MEDIUM
ACC-2024-1010,2024-02-16,Amaravati (Seed Access Road),Clear,Dry,Daylight,Afternoon,Low,80,1,Expressway,Minor,37,MEDIUM
ACC-2024-1146,2024-02-16,Mumbai (Western Express Highway),Clear,Dry,Darkness – Lights On,Night,Low,70,2,Rural Road,Moderate,52,MEDIUM
ACC-2024-1098,2024-02-12,Pune (Mumbai-Pune Expressway Bypass),Clear,Dry,Darkness – Lights On,Night,Low,70,2,Rural Road,Moderate,52,MEDIUM
ACC-2024-1009,2024-02-11,Chennai (Guindy Kathipara Flyover),Rain,Wet,Darkness – Lights On,Evening,High,50,2,Intersection,Moderate,94,HIGH
ACC-2024-1134,2024-02-08,Bengaluru (Silk Board Junction),Other,Dry,Darkness – Lights On,Night,Low,70,2,Rural Road,Moderate,60,MEDIUM
ACC-2024-1008,2024-02-06,Guntur (Nallapadu Highway Corridor),Clear,Dry,Darkness – Lights Off,Night,Low,90,2,Rural Road,Severe,67,MEDIUM
ACC-2024-1086,2024-02-04,Mumbai (Western Express Highway),Clear,Dry,Darkness – Lights On,Night,Low,70,2,Rural Road,Moderate,52,MEDIUM
ACC-2024-1170,2024-02-04,Amaravati (Seed Access Road),Clear,Dry,Darkness – Lights On,Night,Low,70,2,Rural Road,Moderate,52,MEDIUM
ACC-2024-1007,2024-02-02,Mumbai (Western Express Highway),Clear,Dry,Daylight,Morning,High,60,3,Urban Road,Moderate,46,MEDIUM
ACC-2024-1006,2024-01-27,Visakhapatnam (RTC Complex Junction),Clear,Dry,Daylight,Afternoon,Low,70,1,Highway,Minor,30,LOW
ACC-2024-1121,2024-01-25,Vijayawada Central (Benz Circle),Fog,Wet,Daylight,Afternoon,High,40,1,Urban Road,Moderate,66,MEDIUM
ACC-2024-1005,2024-01-22,Pune (Mumbai-Pune Expressway Bypass),Fog,Wet,Darkness – Lights Off,Night,Medium,100,3,Expressway,Fatal,98,HIGH
ACC-2024-1073,2024-01-21,Visakhapatnam (RTC Complex Junction),Fog,Wet,Daylight,Afternoon,High,40,1,Urban Road,Moderate,66,MEDIUM
ACC-2024-1157,2024-01-21,Delhi (Ring Road - AIIMS Junction),Fog,Wet,Daylight,Afternoon,High,40,1,Urban Road,Moderate,66,MEDIUM
ACC-2024-1004,2024-01-18,Bengaluru (Silk Board Junction),Clear,Dry,Daylight,Morning,High,40,2,Intersection,Minor,50,MEDIUM
ACC-2024-1109,2024-01-17,Guntur (Nallapadu Highway Corridor),Fog,Wet,Daylight,Afternoon,High,40,1,Urban Road,Moderate,66,MEDIUM
ACC-2024-1003,2024-01-14,Vijayawada Central (Benz Circle),Rain,Wet,Darkness – Lights On,Evening,High,50,3,Intersection,Moderate,94,HIGH
ACC-2024-1145,2024-01-13,Chennai (Guindy Kathipara Flyover),Fog,Wet,Daylight,Afternoon,High,40,1,Urban Road,Moderate,66,MEDIUM
ACC-2024-1002,2024-01-09,Hyderabad (Outer Ring Road - Gachibowli),Clear,Dry,Daylight,Afternoon,Medium,60,2,Urban Road,Minor,36,MEDIUM
ACC-2024-1097,2024-01-09,Delhi (Ring Road - AIIMS Junction),Fog,Wet,Daylight,Afternoon,High,40,1,Urban Road,Moderate,66,MEDIUM
ACC-2024-1001,2024-01-05,Delhi (Ring Road - AIIMS Junction),Fog,Dry,Darkness – Lights On,Morning,High,80,4,Highway,Severe,93,HIGH
ACC-2024-1133,2024-01-05,Visakhapatnam (RTC Complex Junction),Fog,Wet,Daylight,Afternoon,High,40,1,Urban Road,Moderate,66,MEDIUM
ACC-2024-1085,2024-01-01,Chennai (Guindy Kathipara Flyover),Fog,Wet,Daylight,Afternoon,High,40,1,Urban Road,Moderate,66,MEDIUM
ACC-2024-1169,2024-01-01,Guntur (Nallapadu Highway Corridor),Fog,Wet,Daylight,Afternoon,High,40,1,Urban Road,Moderate,66,MEDIUM